filename,class
0000.jpg,Soup
0001.jpg,Soup
0002.jpg,Soup
0003.jpg,Rice
0004.jpg,Soup
0005.jpg,Soup
0006.jpg,Soup
0007.jpg,Soup
0008.jpg,Soup
0009.jpg,Soup
0010.jpg,Soup
0011.jpg,Soup
0012.jpg,Soup
0013.jpg,Soup
0014.jpg,Soup
0015.jpg,Soup
0016.jpg,Soup
0017.jpg,Soup
0018.jpg,Soup
0019.jpg,Soup
0020.jpg,Soup
0021.jpg,Soup
0022.jpg,Soup
0023.jpg,Soup
0024.jpg,Soup
0025.jpg,Soup
0026.jpg,Soup
0027.jpg,Soup
0028.jpg,Soup
0029.jpg,Soup
0030.jpg,Soup
0031.jpg,Soup
0032.jpg,Soup
0033.jpg,Soup
0034.jpg,Soup
0035.jpg,Soup
0036.jpg,Soup
0037.jpg,Soup
0038.jpg,Soup
0039.jpg,Soup
0040.jpg,Soup
0041.jpg,Soup
0042.jpg,Soup
0043.jpg,Soup
0044.jpg,Soup
0045.jpg,Soup
0046.jpg,Soup
0047.jpg,Soup
0048.jpg,Soup
0049.jpg,Soup
0050.jpg,Soup
0051.jpg,Soup
0052.jpg,Soup
0053.jpg,Soup
0054.jpg,Soup
0055.jpg,Soup
0056.jpg,Soup
0057.jpg,Soup
0058.jpg,Soup
0059.jpg,Soup
0060.jpg,Rice
0061.jpg,Soup
0062.jpg,Soup
0063.jpg,Soup
0064.jpg,Soup
0065.jpg,Soup
0066.jpg,Soup
0067.jpg,Soup
0068.jpg,Soup
0069.jpg,Soup
0070.jpg,Soup
0071.jpg,Soup
0072.jpg,Soup
0073.jpg,Soup
0074.jpg,Soup
0075.jpg,Soup
0076.jpg,Soup
0077.jpg,Soup
0078.jpg,Soup
0079.jpg,Soup
0080.jpg,Soup
0081.jpg,Soup
0082.jpg,Soup
0083.jpg,Soup
0084.jpg,Soup
0085.jpg,Soup
0086.jpg,Rice
0087.jpg,Soup
0088.jpg,Soup
0089.jpg,Rice
0090.jpg,Soup
0091.jpg,Soup
0092.jpg,Soup
0093.jpg,Soup
0094.jpg,Soup
0095.jpg,Fried food
0096.jpg,Soup
0097.jpg,Soup
0098.jpg,Soup
0099.jpg,Soup
0100.jpg,Soup
0101.jpg,Soup
0102.jpg,Soup
0103.jpg,Soup
0104.jpg,Soup
0105.jpg,Soup
0106.jpg,Soup
0107.jpg,Soup
0108.jpg,Soup
0109.jpg,Soup
0110.jpg,Soup
0111.jpg,Soup
0112.jpg,Soup
0113.jpg,Soup
0114.jpg,Soup
0115.jpg,Soup
0116.jpg,Soup
0117.jpg,Soup
0118.jpg,Soup
0119.jpg,Soup
0120.jpg,Soup
0121.jpg,Soup
0122.jpg,Soup
0123.jpg,Soup
0124.jpg,Soup
0125.jpg,Soup
0126.jpg,Soup
0127.jpg,Soup
0128.jpg,Soup
0129.jpg,Soup
0130.jpg,Soup
0131.jpg,Soup
0132.jpg,Soup
0133.jpg,Soup
0134.jpg,Soup
0135.jpg,Soup
0136.jpg,Dairy product
0137.jpg,Soup
0138.jpg,Soup
0139.jpg,Soup
0140.jpg,Soup
0141.jpg,Soup
0142.jpg,Rice
0143.jpg,Soup
0144.jpg,Soup
0145.jpg,Soup
0146.jpg,Soup
0147.jpg,Soup
0148.jpg,Soup
0149.jpg,Soup
0150.jpg,Soup
0151.jpg,Soup
0152.jpg,Soup
0153.jpg,Soup
0154.jpg,Soup
0155.jpg,Soup
0156.jpg,Soup
0157.jpg,Soup
0158.jpg,Soup
0159.jpg,Soup
0160.jpg,Soup
0161.jpg,Soup
0162.jpg,Soup
0163.jpg,Soup
0164.jpg,Soup
0165.jpg,Soup
0166.jpg,Soup
0167.jpg,Soup
0168.jpg,Soup
0169.jpg,Soup
0170.jpg,Soup
0171.jpg,Soup
0172.jpg,Soup
0173.jpg,Soup
0174.jpg,Soup
0175.jpg,Soup
0176.jpg,Soup
0177.jpg,Soup
0178.jpg,Soup
0179.jpg,Soup
0180.jpg,Soup
0181.jpg,Soup
0182.jpg,Soup
0183.jpg,Soup
0184.jpg,Soup
0185.jpg,Soup
0186.jpg,Soup
0187.jpg,Soup
0188.jpg,Soup
0189.jpg,Soup
0190.jpg,Soup
0191.jpg,Soup
0192.jpg,Soup
0193.jpg,Soup
0194.jpg,Soup
0195.jpg,Soup
0196.jpg,Soup
0197.jpg,Soup
0198.jpg,Soup
0199.jpg,Soup
0200.jpg,Soup
0201.jpg,Soup
0202.jpg,Soup
0203.jpg,Soup
0204.jpg,Soup
0205.jpg,Soup
0206.jpg,Soup
0207.jpg,Soup
0208.jpg,Soup
0209.jpg,Soup
0210.jpg,Soup
0211.jpg,Soup
0212.jpg,Soup
0213.jpg,Soup
0214.jpg,Soup
0215.jpg,Soup
0216.jpg,Soup
0217.jpg,Soup
0218.jpg,Soup
0219.jpg,Soup
0220.jpg,Soup
0221.jpg,Soup
0222.jpg,Soup
0223.jpg,Soup
0224.jpg,Soup
0225.jpg,Soup
0226.jpg,Soup
0227.jpg,Soup
0228.jpg,Soup
0229.jpg,Soup
0230.jpg,Soup
0231.jpg,Soup
0232.jpg,Soup
0233.jpg,Soup
0234.jpg,Soup
0235.jpg,Soup
0236.jpg,Soup
0237.jpg,Soup
0238.jpg,Soup
0239.jpg,Soup
0240.jpg,Soup
0241.jpg,Soup
0242.jpg,Soup
0243.jpg,Soup
0244.jpg,Soup
0245.jpg,Soup
0246.jpg,Soup
0247.jpg,Soup
0248.jpg,Soup
0249.jpg,Soup
0250.jpg,Soup
0251.jpg,Soup
0252.jpg,Soup
0253.jpg,Soup
0254.jpg,Soup
0255.jpg,Soup
0256.jpg,Soup
0257.jpg,Soup
0258.jpg,Rice
0259.jpg,Soup
0260.jpg,Soup
0261.jpg,Soup
0262.jpg,Soup
0263.jpg,Soup
0264.jpg,Soup
0265.jpg,Soup
0266.jpg,Soup
0267.jpg,Soup
0268.jpg,Fried food
0269.jpg,Soup
0270.jpg,Soup
0271.jpg,Soup
0272.jpg,Soup
0273.jpg,Soup
0274.jpg,Soup
0275.jpg,Soup
0276.jpg,Soup
0277.jpg,Soup
0278.jpg,Soup
0279.jpg,Soup
0280.jpg,Soup
0281.jpg,Soup
0282.jpg,Soup
0283.jpg,Soup
0284.jpg,Soup
0285.jpg,Soup
0286.jpg,Soup
0287.jpg,Soup
0288.jpg,Soup
0289.jpg,Soup
0290.jpg,Soup
0291.jpg,Soup
0292.jpg,Soup
0293.jpg,Soup
0294.jpg,Soup
0295.jpg,Soup
0296.jpg,Soup
0297.jpg,Soup
0298.jpg,Soup
0299.jpg,Soup
0300.jpg,Soup
0301.jpg,Soup
0302.jpg,Soup
0303.jpg,Soup
0304.jpg,Soup
0305.jpg,Soup
0306.jpg,Soup
0307.jpg,Soup
0308.jpg,Soup
0309.jpg,Soup
0310.jpg,Soup
0311.jpg,Soup
0312.jpg,Soup
0313.jpg,Soup
0314.jpg,Soup
0315.jpg,Soup
0316.jpg,Soup
0317.jpg,Rice
0318.jpg,Soup
0319.jpg,Soup
0320.jpg,Soup
0321.jpg,Soup
0322.jpg,Soup
0323.jpg,Soup
0324.jpg,Soup
0325.jpg,Seafood
0326.jpg,Soup
0327.jpg,Soup
0328.jpg,Soup
0329.jpg,Soup
0330.jpg,Soup
0331.jpg,Soup
0332.jpg,Soup
0333.jpg,Soup
0334.jpg,Soup
0335.jpg,Soup
0336.jpg,Soup
0337.jpg,Soup
0338.jpg,Soup
0339.jpg,Soup
0340.jpg,Soup
0341.jpg,Soup
0342.jpg,Soup
0343.jpg,Soup
0344.jpg,Soup
0345.jpg,Soup
0346.jpg,Soup
0347.jpg,Soup
0348.jpg,Soup
0349.jpg,Soup
0350.jpg,Soup
0351.jpg,Soup
0352.jpg,Soup
0353.jpg,Soup
0354.jpg,Soup
0355.jpg,Soup
0356.jpg,Soup
0357.jpg,Rice
0358.jpg,Soup
0359.jpg,Soup
0360.jpg,Soup
0361.jpg,Soup
0362.jpg,Soup
0363.jpg,Soup
0364.jpg,Soup
0365.jpg,Soup
0366.jpg,Soup
0367.jpg,Soup
0368.jpg,Soup
0369.jpg,Soup
0370.jpg,Soup
0371.jpg,Soup
0372.jpg,Soup
0373.jpg,Soup
0374.jpg,Soup
0375.jpg,Soup
0376.jpg,Soup
0377.jpg,Soup
0378.jpg,Soup
0379.jpg,Soup
0380.jpg,Soup
0381.jpg,Soup
0382.jpg,Soup
0383.jpg,Soup
0384.jpg,Soup
0385.jpg,Soup
0386.jpg,Soup
0387.jpg,Soup
0388.jpg,Soup
0389.jpg,Soup
0390.jpg,Soup
0391.jpg,Soup
0392.jpg,Soup
0393.jpg,Soup
0394.jpg,Soup
0395.jpg,Soup
0396.jpg,Soup
0397.jpg,Soup
0398.jpg,Soup
0399.jpg,Soup
0400.jpg,Soup
0401.jpg,Soup
0402.jpg,Soup
0403.jpg,Soup
0404.jpg,Soup
0405.jpg,Soup
0406.jpg,Soup
0407.jpg,Soup
0408.jpg,Soup
0409.jpg,Soup
0410.jpg,Soup
0411.jpg,Soup
0412.jpg,Soup
0413.jpg,Soup
0414.jpg,Soup
0415.jpg,Soup
0416.jpg,Soup
0417.jpg,Soup
0418.jpg,Soup
0419.jpg,Soup
0420.jpg,Soup
0421.jpg,Soup
0422.jpg,Soup
0423.jpg,Rice
0424.jpg,Soup
0425.jpg,Soup
0426.jpg,Soup
0427.jpg,Soup
0428.jpg,Soup
0429.jpg,Soup
0430.jpg,Rice
0431.jpg,Soup
0432.jpg,Soup
0433.jpg,Soup
0434.jpg,Soup
0435.jpg,Soup
0436.jpg,Soup
0437.jpg,Soup
0438.jpg,Rice
0439.jpg,Soup
0440.jpg,Soup
0441.jpg,Soup
0442.jpg,Soup
0443.jpg,Soup
0444.jpg,Soup
0445.jpg,Soup
0446.jpg,Soup
0447.jpg,Soup
0448.jpg,Soup
0449.jpg,Soup
0450.jpg,Soup
0451.jpg,Soup
0452.jpg,Soup
0453.jpg,Soup
0454.jpg,Soup
0455.jpg,Soup
0456.jpg,Soup
0457.jpg,Soup
0458.jpg,Soup
0459.jpg,Soup
0460.jpg,Soup
0461.jpg,Soup
0462.jpg,Soup
0463.jpg,Soup
0464.jpg,Soup
0465.jpg,Soup
0466.jpg,Soup
0467.jpg,Soup
0468.jpg,Soup
0469.jpg,Soup
0470.jpg,Soup
0471.jpg,Soup
0472.jpg,Soup
0473.jpg,Soup
0474.jpg,Soup
0475.jpg,Soup
0476.jpg,Soup
0477.jpg,Soup
0478.jpg,Soup
0479.jpg,Soup
0480.jpg,Soup
0481.jpg,Soup
0482.jpg,Soup
0483.jpg,Soup
0484.jpg,Soup
0485.jpg,Soup
0486.jpg,Soup
0487.jpg,Soup
0488.jpg,Soup
0489.jpg,Soup
0490.jpg,Soup
0491.jpg,Soup
0492.jpg,Soup
0493.jpg,Dairy product
0494.jpg,Soup
0495.jpg,Soup
0496.jpg,Soup
0497.jpg,Soup
0498.jpg,Soup
0499.jpg,Soup
0500.jpg,Soup
0501.jpg,Soup
0502.jpg,Soup
0503.jpg,Soup
0504.jpg,Soup
0505.jpg,Soup
0506.jpg,Soup
0507.jpg,Soup
0508.jpg,Soup
0509.jpg,Soup
0510.jpg,Soup
0511.jpg,Soup
0512.jpg,Soup
0513.jpg,Soup
0514.jpg,Soup
0515.jpg,Soup
0516.jpg,Soup
0517.jpg,Soup
0518.jpg,Soup
0519.jpg,Soup
0520.jpg,Soup
0521.jpg,Soup
0522.jpg,Soup
0523.jpg,Soup
0524.jpg,Soup
0525.jpg,Soup
0526.jpg,Soup
0527.jpg,Soup
0528.jpg,Soup
0529.jpg,Soup
0530.jpg,Soup
0531.jpg,Soup
0532.jpg,Soup
0533.jpg,Soup
0534.jpg,Soup
0535.jpg,Soup
0536.jpg,Soup
0537.jpg,Soup
0538.jpg,Soup
0539.jpg,Soup
0540.jpg,Soup
0541.jpg,Soup
0542.jpg,Soup
0543.jpg,Soup
0544.jpg,Soup
0545.jpg,Soup
0546.jpg,Soup
0547.jpg,Soup
0548.jpg,Soup
0549.jpg,Soup
0550.jpg,Soup
0551.jpg,Soup
0552.jpg,Soup
0553.jpg,Soup
0554.jpg,Rice
0555.jpg,Soup
0556.jpg,Soup
0557.jpg,Soup
0558.jpg,Soup
0559.jpg,Soup
0560.jpg,Soup
0561.jpg,Soup
0562.jpg,Soup
0563.jpg,Soup
0564.jpg,Soup
0565.jpg,Rice
0566.jpg,Soup
0567.jpg,Soup
0568.jpg,Soup
0569.jpg,Soup
0570.jpg,Soup
0571.jpg,Soup
0572.jpg,Soup
0573.jpg,Soup
0574.jpg,Soup
0575.jpg,Soup
0576.jpg,Soup
0577.jpg,Soup
0578.jpg,Soup
0579.jpg,Soup
0580.jpg,Soup
0581.jpg,Soup
0582.jpg,Soup
0583.jpg,Soup
0584.jpg,Soup
0585.jpg,Soup
0586.jpg,Soup
0587.jpg,Soup
0588.jpg,Soup
0589.jpg,Soup
0590.jpg,Soup
0591.jpg,Soup
0592.jpg,Soup
0593.jpg,Soup
0594.jpg,Soup
0595.jpg,Soup
0596.jpg,Soup
0597.jpg,Soup
0598.jpg,Soup
0599.jpg,Soup
0600.jpg,Soup
0601.jpg,Soup
0602.jpg,Soup
0603.jpg,Soup
0604.jpg,Soup
0605.jpg,Soup
0606.jpg,Soup
0607.jpg,Soup
0608.jpg,Soup
0609.jpg,Soup
0610.jpg,Soup
0611.jpg,Soup
0612.jpg,Soup
0613.jpg,Soup
0614.jpg,Soup
0615.jpg,Soup
0616.jpg,Soup
0617.jpg,Soup
0618.jpg,Soup
0619.jpg,Soup
0620.jpg,Soup
0621.jpg,Soup
0622.jpg,Soup
0623.jpg,Soup
0624.jpg,Soup
0625.jpg,Soup
0626.jpg,Soup
0627.jpg,Rice
0628.jpg,Soup
0629.jpg,Soup
0630.jpg,Soup
0631.jpg,Soup
0632.jpg,Soup
0633.jpg,Soup
0634.jpg,Soup
0635.jpg,Soup
0636.jpg,Soup
0637.jpg,Soup
0638.jpg,Soup
0639.jpg,Soup
0640.jpg,Soup
0641.jpg,Soup
0642.jpg,Soup
0643.jpg,Soup
0644.jpg,Soup
0645.jpg,Soup
0646.jpg,Soup
0647.jpg,Rice
0648.jpg,Soup
0649.jpg,Soup
0650.jpg,Soup
0651.jpg,Soup
0652.jpg,Soup
0653.jpg,Soup
0654.jpg,Soup
0655.jpg,Soup
0656.jpg,Soup
0657.jpg,Soup
0658.jpg,Soup
0659.jpg,Rice
0660.jpg,Soup
0661.jpg,Soup
0662.jpg,Soup
0663.jpg,Soup
0664.jpg,Soup
0665.jpg,Soup
0666.jpg,Soup
0667.jpg,Soup
0668.jpg,Soup
0669.jpg,Soup
0670.jpg,Soup
0671.jpg,Soup
0672.jpg,Soup
0673.jpg,Soup
0674.jpg,Soup
0675.jpg,Soup
0676.jpg,Soup
0677.jpg,Soup
0678.jpg,Soup
0679.jpg,Soup
0680.jpg,Soup
0681.jpg,Soup
0682.jpg,Soup
0683.jpg,Soup
0684.jpg,Soup
0685.jpg,Soup
0686.jpg,Soup
0687.jpg,Soup
0688.jpg,Soup
0689.jpg,Soup
0690.jpg,Soup
0691.jpg,Soup
0692.jpg,Soup
0693.jpg,Soup
0694.jpg,Soup
0695.jpg,Rice
0696.jpg,Soup
0697.jpg,Soup
0698.jpg,Soup
0699.jpg,Soup
0700.jpg,Soup
0701.jpg,Soup
0702.jpg,Soup
0703.jpg,Soup
0704.jpg,Soup
0705.jpg,Soup
0706.jpg,Soup
0707.jpg,Soup
0708.jpg,Soup
0709.jpg,Soup
0710.jpg,Soup
0711.jpg,Soup
0712.jpg,Soup
0713.jpg,Soup
0714.jpg,Soup
0715.jpg,Soup
0716.jpg,Soup
0717.jpg,Soup
0718.jpg,Soup
0719.jpg,Soup
0720.jpg,Soup
0721.jpg,Soup
0722.jpg,Soup
0723.jpg,Soup
0724.jpg,Soup
0725.jpg,Soup
0726.jpg,Soup
0727.jpg,Soup
0728.jpg,Soup
0729.jpg,Soup
0730.jpg,Soup
0731.jpg,Soup
0732.jpg,Soup
0733.jpg,Soup
0734.jpg,Soup
0735.jpg,Soup
0736.jpg,Soup
0737.jpg,Soup
0738.jpg,Soup
0739.jpg,Soup
0740.jpg,Soup
0741.jpg,Soup
0742.jpg,Soup
0743.jpg,Soup
0744.jpg,Soup
0745.jpg,Soup
0746.jpg,Soup
0747.jpg,Soup
0748.jpg,Soup
0749.jpg,Soup
0750.jpg,Soup
0751.jpg,Soup
0752.jpg,Soup
0753.jpg,Soup
0754.jpg,Soup
0755.jpg,Soup
0756.jpg,Soup
0757.jpg,Soup
0758.jpg,Soup
0759.jpg,Soup
0760.jpg,Soup
0761.jpg,Soup
0762.jpg,Soup
0763.jpg,Soup
0764.jpg,Soup
0765.jpg,Soup
0766.jpg,Soup
0767.jpg,Soup
0768.jpg,Soup
0769.jpg,Soup
0770.jpg,Soup
0771.jpg,Soup
0772.jpg,Soup
0773.jpg,Soup
0774.jpg,Soup
0775.jpg,Soup
0776.jpg,Soup
0777.jpg,Soup
0778.jpg,Soup
0779.jpg,Soup
0780.jpg,Soup
0781.jpg,Soup
0782.jpg,Soup
0783.jpg,Soup
0784.jpg,Soup
0785.jpg,Soup
0786.jpg,Soup
0787.jpg,Soup
0788.jpg,Soup
0789.jpg,Soup
0790.jpg,Soup
0791.jpg,Soup
0792.jpg,Soup
0793.jpg,Soup
0794.jpg,Dairy product
0795.jpg,Soup
0796.jpg,Soup
0797.jpg,Soup
0798.jpg,Soup
0799.jpg,Soup
0800.jpg,Soup
0801.jpg,Soup
0802.jpg,Soup
0803.jpg,Soup
0804.jpg,Soup
0805.jpg,Soup
0806.jpg,Soup
0807.jpg,Soup
0808.jpg,Soup
0809.jpg,Soup
0810.jpg,Soup
0811.jpg,Soup
0812.jpg,Soup
0813.jpg,Soup
0814.jpg,Soup
0815.jpg,Soup
0816.jpg,Soup
0817.jpg,Soup
0818.jpg,Rice
0819.jpg,Soup
0820.jpg,Soup
0821.jpg,Soup
0822.jpg,Soup
0823.jpg,Soup
0824.jpg,Soup
0825.jpg,Soup
0826.jpg,Soup
0827.jpg,Soup
0828.jpg,Soup
0829.jpg,Soup
0830.jpg,Soup
0831.jpg,Soup
0832.jpg,Soup
0833.jpg,Soup
0834.jpg,Soup
0835.jpg,Soup
0836.jpg,Soup
0837.jpg,Soup
0838.jpg,Soup
0839.jpg,Soup
0840.jpg,Soup
0841.jpg,Soup
0842.jpg,Soup
0843.jpg,Soup
0844.jpg,Soup
0845.jpg,Soup
0846.jpg,Soup
0847.jpg,Soup
0848.jpg,Soup
0849.jpg,Soup
0850.jpg,Soup
0851.jpg,Soup
0852.jpg,Soup
0853.jpg,Soup
0854.jpg,Soup
0855.jpg,Soup
0856.jpg,Soup
0857.jpg,Rice
0858.jpg,Soup
0859.jpg,Soup
0860.jpg,Soup
0861.jpg,Soup
0862.jpg,Soup
0863.jpg,Soup
0864.jpg,Rice
0865.jpg,Soup
0866.jpg,Soup
0867.jpg,Soup
0868.jpg,Soup
0869.jpg,Soup
0870.jpg,Soup
0871.jpg,Soup
0872.jpg,Soup
0873.jpg,Soup
0874.jpg,Soup
0875.jpg,Soup
0876.jpg,Soup
0877.jpg,Soup
0878.jpg,Soup
0879.jpg,Soup
0880.jpg,Soup
0881.jpg,Soup
0882.jpg,Soup
0883.jpg,Soup
0884.jpg,Soup
0885.jpg,Soup
0886.jpg,Rice
0887.jpg,Soup
0888.jpg,Soup
0889.jpg,Soup
0890.jpg,Soup
0891.jpg,Soup
0892.jpg,Soup
0893.jpg,Soup
0894.jpg,Soup
0895.jpg,Soup
0896.jpg,Soup
0897.jpg,Soup
0898.jpg,Soup
0899.jpg,Soup
0900.jpg,Soup
0901.jpg,Soup
0902.jpg,Soup
0903.jpg,Soup
0904.jpg,Soup
0905.jpg,Soup
0906.jpg,Soup
0907.jpg,Soup
0908.jpg,Soup
0909.jpg,Soup
0910.jpg,Soup
0911.jpg,Soup
0912.jpg,Soup
0913.jpg,Soup
0914.jpg,Soup
0915.jpg,Soup
0916.jpg,Rice
0917.jpg,Soup
0918.jpg,Soup
0919.jpg,Rice
0920.jpg,Soup
0921.jpg,Soup
0922.jpg,Soup
0923.jpg,Soup
0924.jpg,Soup
0925.jpg,Soup
0926.jpg,Soup
0927.jpg,Soup
0928.jpg,Soup
0929.jpg,Soup
0930.jpg,Soup
0931.jpg,Soup
0932.jpg,Soup
0933.jpg,Dairy product
0934.jpg,Soup
0935.jpg,Soup
0936.jpg,Soup
0937.jpg,Soup
0938.jpg,Soup
0939.jpg,Soup
0940.jpg,Soup
0941.jpg,Soup
0942.jpg,Soup
0943.jpg,Soup
0944.jpg,Soup
0945.jpg,Soup
0946.jpg,Soup
0947.jpg,Soup
0948.jpg,Soup
0949.jpg,Soup
0950.jpg,Soup
0951.jpg,Soup
0952.jpg,Soup
0953.jpg,Soup
0954.jpg,Soup
0955.jpg,Soup
0956.jpg,Soup
0957.jpg,Soup
0958.jpg,Soup
0959.jpg,Soup
0960.jpg,Soup
0961.jpg,Soup
0962.jpg,Soup
0963.jpg,Soup
0964.jpg,Soup
0965.jpg,Soup
0966.jpg,Soup
0967.jpg,Soup
0968.jpg,Soup
0969.jpg,Soup
0970.jpg,Soup
0971.jpg,Soup
0972.jpg,Soup
0973.jpg,Soup
0974.jpg,Soup
0975.jpg,Soup
0976.jpg,Soup
0977.jpg,Soup
0978.jpg,Soup
0979.jpg,Soup
0980.jpg,Soup
0981.jpg,Soup
0982.jpg,Soup
0983.jpg,Soup
0984.jpg,Soup
0985.jpg,Soup
0986.jpg,Soup
0987.jpg,Soup
0988.jpg,Soup
0989.jpg,Fried food
0990.jpg,Soup
0991.jpg,Soup
0992.jpg,Soup
0993.jpg,Soup
0994.jpg,Soup
0995.jpg,Soup
0996.jpg,Soup
0997.jpg,Soup
0998.jpg,Soup
0999.jpg,Soup
1000.jpg,Soup
1001.jpg,Soup
1002.jpg,Soup
1003.jpg,Soup
1004.jpg,Soup
1005.jpg,Soup
1006.jpg,Soup
1007.jpg,Soup
1008.jpg,Soup
1009.jpg,Soup
1010.jpg,Soup
1011.jpg,Soup
1012.jpg,Soup
1013.jpg,Soup
1014.jpg,Soup
1015.jpg,Soup
1016.jpg,Soup
1017.jpg,Soup
1018.jpg,Soup
1019.jpg,Soup
1020.jpg,Soup
1021.jpg,Rice
1022.jpg,Soup
1023.jpg,Soup
1024.jpg,Soup
1025.jpg,Soup
1026.jpg,Soup
1027.jpg,Soup
1028.jpg,Soup
1029.jpg,Soup
1030.jpg,Soup
1031.jpg,Rice
1032.jpg,Soup
1033.jpg,Soup
1034.jpg,Soup
1035.jpg,Soup
1036.jpg,Soup
1037.jpg,Soup
1038.jpg,Soup
1039.jpg,Soup
1040.jpg,Soup
1041.jpg,Soup
1042.jpg,Soup
1043.jpg,Soup
1044.jpg,Soup
1045.jpg,Soup
1046.jpg,Soup
1047.jpg,Soup
1048.jpg,Soup
1049.jpg,Soup
1050.jpg,Soup
1051.jpg,Soup
1052.jpg,Soup
1053.jpg,Soup
1054.jpg,Soup
1055.jpg,Soup
1056.jpg,Soup
1057.jpg,Soup
1058.jpg,Soup
1059.jpg,Soup
1060.jpg,Soup
1061.jpg,Soup
1062.jpg,Soup
1063.jpg,Soup
1064.jpg,Soup
1065.jpg,Soup
1066.jpg,Soup
1067.jpg,Soup
1068.jpg,Soup
1069.jpg,Soup
1070.jpg,Soup
1071.jpg,Soup
1072.jpg,Dairy product
1073.jpg,Soup
1074.jpg,Soup
1075.jpg,Soup
1076.jpg,Soup
1077.jpg,Soup
1078.jpg,Soup
1079.jpg,Soup
1080.jpg,Soup
1081.jpg,Soup
1082.jpg,Soup
1083.jpg,Soup
1084.jpg,Soup
1085.jpg,Soup
1086.jpg,Soup
1087.jpg,Soup
1088.jpg,Soup
1089.jpg,Soup
1090.jpg,Soup
1091.jpg,Soup
1092.jpg,Soup
1093.jpg,Soup
1094.jpg,Soup
1095.jpg,Soup
1096.jpg,Soup
1097.jpg,Soup
1098.jpg,Soup
1099.jpg,Soup
1100.jpg,Soup
1101.jpg,Soup
1102.jpg,Soup
1103.jpg,Rice
1104.jpg,Soup
1105.jpg,Soup
1106.jpg,Soup
1107.jpg,Soup
1108.jpg,Soup
1109.jpg,Soup
1110.jpg,Soup
1111.jpg,Soup
1112.jpg,Soup
1113.jpg,Soup
1114.jpg,Soup
1115.jpg,Soup
1116.jpg,Soup
1117.jpg,Soup
1118.jpg,Soup
1119.jpg,Soup
1120.jpg,Soup
1121.jpg,Soup
1122.jpg,Soup
1123.jpg,Soup
1124.jpg,Soup
1125.jpg,Soup
1126.jpg,Soup
1127.jpg,Soup
1128.jpg,Soup
1129.jpg,Soup
1130.jpg,Soup
1131.jpg,Soup
1132.jpg,Soup
1133.jpg,Soup
1134.jpg,Rice
1135.jpg,Soup
1136.jpg,Soup
1137.jpg,Soup
1138.jpg,Soup
1139.jpg,Rice
1140.jpg,Soup
1141.jpg,Soup
1142.jpg,Soup
1143.jpg,Soup
1144.jpg,Soup
1145.jpg,Soup
1146.jpg,Soup
1147.jpg,Soup
1148.jpg,Soup
1149.jpg,Soup
1150.jpg,Soup
1151.jpg,Soup
1152.jpg,Soup
1153.jpg,Soup
1154.jpg,Soup
1155.jpg,Soup
1156.jpg,Soup
1157.jpg,Soup
1158.jpg,Soup
1159.jpg,Soup
1160.jpg,Soup
1161.jpg,Soup
1162.jpg,Soup
1163.jpg,Soup
1164.jpg,Rice
1165.jpg,Soup
1166.jpg,Soup
1167.jpg,Rice
1168.jpg,Soup
1169.jpg,Soup
1170.jpg,Soup
1171.jpg,Soup
1172.jpg,Soup
1173.jpg,Soup
1174.jpg,Soup
1175.jpg,Soup
1176.jpg,Soup
1177.jpg,Soup
1178.jpg,Soup
1179.jpg,Soup
1180.jpg,Soup
1181.jpg,Soup
1182.jpg,Soup
1183.jpg,Soup
1184.jpg,Soup
1185.jpg,Soup
1186.jpg,Soup
1187.jpg,Seafood
1188.jpg,Soup
1189.jpg,Soup
1190.jpg,Soup
1191.jpg,Soup
1192.jpg,Soup
1193.jpg,Rice
1194.jpg,Soup
1195.jpg,Soup
1196.jpg,Soup
1197.jpg,Soup
1198.jpg,Soup
1199.jpg,Soup
1200.jpg,Soup
1201.jpg,Soup
1202.jpg,Soup
1203.jpg,Soup
1204.jpg,Soup
1205.jpg,Soup
1206.jpg,Soup
1207.jpg,Soup
1208.jpg,Soup
1209.jpg,Soup
1210.jpg,Soup
1211.jpg,Soup
1212.jpg,Soup
1213.jpg,Soup
1214.jpg,Soup
1215.jpg,Soup
1216.jpg,Soup
1217.jpg,Fried food
1218.jpg,Soup
1219.jpg,Soup
1220.jpg,Soup
1221.jpg,Soup
1222.jpg,Soup
1223.jpg,Soup
1224.jpg,Soup
1225.jpg,Soup
1226.jpg,Soup
1227.jpg,Soup
1228.jpg,Soup
1229.jpg,Soup
1230.jpg,Rice
1231.jpg,Soup
1232.jpg,Soup
1233.jpg,Soup
1234.jpg,Soup
1235.jpg,Soup
1236.jpg,Soup
1237.jpg,Soup
1238.jpg,Soup
1239.jpg,Soup
1240.jpg,Soup
1241.jpg,Soup
1242.jpg,Soup
1243.jpg,Soup
1244.jpg,Soup
1245.jpg,Soup
1246.jpg,Soup
1247.jpg,Soup
1248.jpg,Soup
1249.jpg,Soup
1250.jpg,Soup
1251.jpg,Soup
1252.jpg,Soup
1253.jpg,Soup
1254.jpg,Soup
1255.jpg,Soup
1256.jpg,Soup
1257.jpg,Soup
1258.jpg,Soup
1259.jpg,Soup
1260.jpg,Soup
1261.jpg,Soup
1262.jpg,Soup
1263.jpg,Soup
1264.jpg,Soup
1265.jpg,Soup
1266.jpg,Soup
1267.jpg,Soup
1268.jpg,Soup
1269.jpg,Soup
1270.jpg,Soup
1271.jpg,Soup
1272.jpg,Soup
1273.jpg,Soup
1274.jpg,Soup
1275.jpg,Soup
1276.jpg,Soup
1277.jpg,Soup
1278.jpg,Soup
1279.jpg,Soup
1280.jpg,Rice
1281.jpg,Soup
1282.jpg,Soup
1283.jpg,Soup
1284.jpg,Soup
1285.jpg,Soup
1286.jpg,Soup
1287.jpg,Soup
1288.jpg,Soup
1289.jpg,Soup
1290.jpg,Soup
1291.jpg,Soup
1292.jpg,Dairy product
1293.jpg,Soup
1294.jpg,Soup
1295.jpg,Soup
1296.jpg,Soup
1297.jpg,Soup
1298.jpg,Soup
1299.jpg,Soup
1300.jpg,Soup
1301.jpg,Soup
1302.jpg,Soup
1303.jpg,Soup
1304.jpg,Soup
1305.jpg,Soup
1306.jpg,Soup
1307.jpg,Soup
1308.jpg,Soup
1309.jpg,Soup
1310.jpg,Soup
1311.jpg,Soup
1312.jpg,Soup
1313.jpg,Soup
1314.jpg,Soup
1315.jpg,Soup
1316.jpg,Soup
1317.jpg,Soup
1318.jpg,Soup
1319.jpg,Soup
1320.jpg,Soup
1321.jpg,Soup
1322.jpg,Soup
1323.jpg,Soup
1324.jpg,Soup
1325.jpg,Soup
1326.jpg,Soup
1327.jpg,Soup
1328.jpg,Soup
1329.jpg,Soup
1330.jpg,Soup
1331.jpg,Soup
1332.jpg,Soup
1333.jpg,Soup
1334.jpg,Soup
1335.jpg,Soup
1336.jpg,Soup
1337.jpg,Soup
1338.jpg,Soup
1339.jpg,Soup
1340.jpg,Soup
1341.jpg,Soup
1342.jpg,Soup
1343.jpg,Soup
1344.jpg,Soup
1345.jpg,Soup
1346.jpg,Soup
1347.jpg,Soup
1348.jpg,Soup
1349.jpg,Soup
1350.jpg,Soup
1351.jpg,Soup
1352.jpg,Soup
1353.jpg,Soup
1354.jpg,Soup
1355.jpg,Soup
1356.jpg,Soup
1357.jpg,Soup
1358.jpg,Soup
1359.jpg,Soup
1360.jpg,Soup
1361.jpg,Soup
1362.jpg,Soup
1363.jpg,Soup
1364.jpg,Soup
1365.jpg,Soup
1366.jpg,Soup
1367.jpg,Soup
1368.jpg,Soup
1369.jpg,Soup
1370.jpg,Soup
1371.jpg,Soup
1372.jpg,Soup
1373.jpg,Soup
1374.jpg,Soup
1375.jpg,Soup
1376.jpg,Soup
1377.jpg,Soup
1378.jpg,Soup
1379.jpg,Soup
1380.jpg,Soup
1381.jpg,Soup
1382.jpg,Soup
1383.jpg,Soup
1384.jpg,Soup
1385.jpg,Soup
1386.jpg,Soup
1387.jpg,Soup
1388.jpg,Soup
1389.jpg,Soup
1390.jpg,Soup
1391.jpg,Soup
1392.jpg,Soup
1393.jpg,Soup
1394.jpg,Soup
1395.jpg,Soup
1396.jpg,Soup
1397.jpg,Soup
1398.jpg,Soup
1399.jpg,Soup
1400.jpg,Rice
1401.jpg,Soup
1402.jpg,Soup
1403.jpg,Soup
1404.jpg,Soup
1405.jpg,Soup
1406.jpg,Soup
1407.jpg,Soup
1408.jpg,Soup
1409.jpg,Soup
1410.jpg,Soup
1411.jpg,Soup
1412.jpg,Soup
1413.jpg,Soup
1414.jpg,Soup
1415.jpg,Soup
1416.jpg,Soup
1417.jpg,Dairy product
1418.jpg,Soup
1419.jpg,Soup
1420.jpg,Soup
1421.jpg,Soup
1422.jpg,Soup
1423.jpg,Soup
1424.jpg,Soup
1425.jpg,Soup
1426.jpg,Soup
1427.jpg,Soup
1428.jpg,Soup
1429.jpg,Soup
1430.jpg,Soup
1431.jpg,Soup
1432.jpg,Soup
1433.jpg,Soup
1434.jpg,Soup
1435.jpg,Soup
1436.jpg,Soup
1437.jpg,Soup
1438.jpg,Soup
1439.jpg,Soup
1440.jpg,Soup
1441.jpg,Soup
1442.jpg,Soup
1443.jpg,Soup
1444.jpg,Soup
1445.jpg,Soup
1446.jpg,Soup
1447.jpg,Soup
1448.jpg,Soup
1449.jpg,Soup
1450.jpg,Soup
1451.jpg,Soup
1452.jpg,Soup
1453.jpg,Rice
1454.jpg,Soup
1455.jpg,Soup
1456.jpg,Soup
1457.jpg,Soup
1458.jpg,Soup
1459.jpg,Soup
1460.jpg,Soup
1461.jpg,Soup
1462.jpg,Soup
1463.jpg,Soup
1464.jpg,Soup
1465.jpg,Soup
1466.jpg,Soup
1467.jpg,Soup
1468.jpg,Soup
1469.jpg,Soup
1470.jpg,Soup
1471.jpg,Soup
1472.jpg,Soup
1473.jpg,Soup
1474.jpg,Soup
1475.jpg,Soup
1476.jpg,Soup
1477.jpg,Soup
1478.jpg,Soup
1479.jpg,Soup
1480.jpg,Soup
1481.jpg,Soup
1482.jpg,Soup
1483.jpg,Soup
1484.jpg,Dairy product
1485.jpg,Soup
1486.jpg,Soup
1487.jpg,Soup
1488.jpg,Soup
1489.jpg,Soup
1490.jpg,Soup
1491.jpg,Soup
1492.jpg,Soup
1493.jpg,Soup
1494.jpg,Soup
1495.jpg,Soup
1496.jpg,Soup
1497.jpg,Soup
1498.jpg,Soup
1499.jpg,Soup
1500.jpg,Soup
1501.jpg,Soup
1502.jpg,Soup
1503.jpg,Soup
1504.jpg,Soup
1505.jpg,Soup
1506.jpg,Soup
1507.jpg,Soup
1508.jpg,Soup
1509.jpg,Soup
1510.jpg,Soup
1511.jpg,Soup
1512.jpg,Soup
1513.jpg,Rice
1514.jpg,Soup
1515.jpg,Soup
1516.jpg,Soup
1517.jpg,Soup
1518.jpg,Soup
1519.jpg,Soup
1520.jpg,Soup
1521.jpg,Soup
1522.jpg,Soup
1523.jpg,Soup
1524.jpg,Soup
1525.jpg,Soup
1526.jpg,Soup
1527.jpg,Soup
1528.jpg,Soup
1529.jpg,Soup
1530.jpg,Soup
1531.jpg,Soup
1532.jpg,Soup
1533.jpg,Soup
1534.jpg,Soup
1535.jpg,Soup
1536.jpg,Soup
1537.jpg,Soup
1538.jpg,Soup
1539.jpg,Soup
1540.jpg,Soup
1541.jpg,Soup
1542.jpg,Soup
1543.jpg,Soup
1544.jpg,Soup
1545.jpg,Soup
1546.jpg,Soup
1547.jpg,Soup
1548.jpg,Soup
1549.jpg,Soup
1550.jpg,Soup
1551.jpg,Soup
1552.jpg,Soup
1553.jpg,Soup
1554.jpg,Soup
1555.jpg,Soup
1556.jpg,Soup
1557.jpg,Soup
1558.jpg,Soup
1559.jpg,Soup
1560.jpg,Soup
1561.jpg,Soup
1562.jpg,Soup
1563.jpg,Soup
1564.jpg,Soup
1565.jpg,Soup
1566.jpg,Soup
1567.jpg,Soup
1568.jpg,Soup
1569.jpg,Soup
1570.jpg,Soup
1571.jpg,Soup
1572.jpg,Soup
1573.jpg,Soup
1574.jpg,Soup
1575.jpg,Soup
1576.jpg,Soup
1577.jpg,Soup
1578.jpg,Soup
1579.jpg,Soup
1580.jpg,Soup
1581.jpg,Soup
1582.jpg,Soup
1583.jpg,Soup
1584.jpg,Soup
1585.jpg,Soup
1586.jpg,Soup
1587.jpg,Soup
1588.jpg,Soup
1589.jpg,Soup
1590.jpg,Soup
1591.jpg,Soup
1592.jpg,Soup
1593.jpg,Soup
1594.jpg,Soup
1595.jpg,Soup
1596.jpg,Soup
1597.jpg,Soup
1598.jpg,Soup
1599.jpg,Soup
1600.jpg,Rice
1601.jpg,Soup
1602.jpg,Dairy product
1603.jpg,Soup
1604.jpg,Soup
1605.jpg,Soup
1606.jpg,Soup
1607.jpg,Soup
1608.jpg,Soup
1609.jpg,Soup
1610.jpg,Soup
1611.jpg,Soup
1612.jpg,Soup
1613.jpg,Soup
1614.jpg,Soup
1615.jpg,Soup
1616.jpg,Soup
1617.jpg,Soup
1618.jpg,Soup
1619.jpg,Soup
1620.jpg,Soup
1621.jpg,Soup
1622.jpg,Soup
1623.jpg,Rice
1624.jpg,Soup
1625.jpg,Soup
1626.jpg,Soup
1627.jpg,Soup
1628.jpg,Rice
1629.jpg,Soup
1630.jpg,Soup
1631.jpg,Soup
1632.jpg,Soup
1633.jpg,Soup
1634.jpg,Soup
1635.jpg,Soup
1636.jpg,Soup
1637.jpg,Soup
1638.jpg,Soup
1639.jpg,Soup
1640.jpg,Soup
1641.jpg,Soup
1642.jpg,Soup
1643.jpg,Soup
1644.jpg,Rice
1645.jpg,Soup
1646.jpg,Soup
1647.jpg,Soup
1648.jpg,Soup
1649.jpg,Soup
1650.jpg,Soup
1651.jpg,Soup
1652.jpg,Soup
1653.jpg,Soup
1654.jpg,Soup
1655.jpg,Soup
1656.jpg,Soup
1657.jpg,Rice
1658.jpg,Soup
1659.jpg,Soup
1660.jpg,Soup
1661.jpg,Soup
1662.jpg,Soup
1663.jpg,Soup
1664.jpg,Soup
1665.jpg,Soup
1666.jpg,Soup
1667.jpg,Soup
1668.jpg,Soup
1669.jpg,Soup
1670.jpg,Rice
